ID,setting,stand/sit,device,mimicry,facial,location
100,1,1,2,1,2,hiltop
101,1,1,2,1,2,
102,1,1,2,2,2,
103,1,1,2,2,2,
104,1,1,2,2,2,
105,1,1,1,2,2,
106,1,2,1,2,2,
107,2,2,2,1,2,
108,2,1,2,2,2,
109,2,1,2,2,2,
110,2,2,2,2,2,
111,2,2,2,1,2,soccer practice
112,2,2,2,2,2,
113,2,2,2,2,1,
114,2,1,1,1,1,
115,2,2,1,2,1,charlie T's
116,2,2,2,1,1,
117,2,2,2,1,1,
118,2,2,2,1,1,
119,2,2,2,1,2,
119,2,2,1,1,1,
120,2,2,2,1,2,
121,2,1,2,1,1,Chior
122,2,1,2,2,1,
123,2,2,2,1,2,
124,2,1,2,1,2,
125,2,2,2,2,2,
126,2,2,2,2,2,
127,2,2,2,1,2,
128,2,2,1,1,2,
129,2,1,2,1,1,
130,2,1,2,1,1,Cheer
131,1,2,2,1,1,
132,1,2,2,1,1,
133,1,2,2,2,1,
134,1,1,1,1,1,
135,1,1,1,1,2,
136,1,1,2,2,1,
137,1,1,2,1,1,
138,1,2,2,1,2,
139,1,2,1,2,1,
140,1,2,2,1,1,Tennis 
141,1,1,2,2,1,
142,2,2,2,2,1,
143,1,1,2,1,1,
144,1,2,2,2,1,
145,1,2,2,1,2,
146,1,2,2,1,1,
147,1,1,2,1,1,
148,2,2,2,1,1,
149,2,2,2,2,1,hiltop
150,,,,,,
151,,,,,,
152,,,,,,
153,,,,,,
155,,,,,,
156,,,,,,
157,,,,,,
157,,,,,,
159,,,,,,
160,,,,,,
